Day,Revenue,Split
1,0.0,Train
2,0.000793191,Train
3,0.825541786,Train
4,0.32033228,Train
5,1.082554085,Train
6,0.107653784,Train
7,0.493901361,Train
8,0.376698452,Train
9,0.304074848,Train
10,0.591747849,Train
11,0.731018901,Train
12,1.111586215,Train
13,0.960902689,Train
14,0.964013419,Train
15,0.979731886,Train
16,1.085546892,Train
17,1.262549787,Train
18,1.331183307,Train
19,1.411429732,Train
20,1.709116779,Train
21,1.735783527,Train
22,1.760959886,Train
23,2.558601513,Train
24,1.48420495,Train
25,2.089944633,Train
26,2.840568572,Train
27,2.162204307,Train
28,3.113269737,Train
29,2.746580938,Train
30,3.079242819,Train
31,2.647838543,Train
32,3.118230798,Train
33,2.442888497,Train
34,3.042407809,Train
35,3.012894439,Train
36,3.290825745,Train
37,3.274029416,Train
38,3.586805202,Train
39,3.170426377,Train
40,3.572077947,Train
41,2.693130469,Train
42,2.399656142,Train
43,2.433776379,Train
44,2.593848576,Train
45,3.323496491,Train
46,2.951387252,Train
47,3.216948781,Train
48,2.877026963,Train
49,3.057523831,Train
50,2.858495329,Train
51,2.533082553,Train
52,3.223959721,Train
53,2.973617615,Train
54,3.360834071,Train
55,2.31040157,Train
56,1.843596513,Train
57,1.631977575,Train
58,1.644604449,Train
59,1.497246827,Train
60,1.267859555,Train
61,1.587253694,Train
62,2.131085418,Train
63,1.995083459,Train
64,2.330776602,Train
65,1.742724907,Train
66,2.588660848,Train
67,1.505169543,Train
68,2.226315816,Train
69,2.973069578,Train
70,2.72388059,Train
71,2.964093274,Train
72,3.88820192,Train
73,3.938590458,Train
74,5.138308366,Train
75,5.482323172,Train
76,6.133334991,Train
77,6.366939393,Train
78,6.434758029,Train
79,6.102308899,Train
80,6.236527145,Train
81,6.815921859,Train
82,7.07286465,Train
83,6.274130876,Train
84,7.375977982,Train
85,6.916245052,Train
86,7.408050282,Train
87,7.863842943,Train
88,6.783895049,Train
89,7.583081086,Train
90,7.763779393,Train
91,7.344577122,Train
92,7.982311471,Train
93,6.946042709,Train
94,7.495289393,Train
95,7.450862838,Train
96,6.82734429,Train
97,7.095401048,Train
98,6.322858273,Train
99,6.453783819,Train
100,6.90142039,Train
101,6.364222316,Train
102,6.487956156,Train
103,6.055526889,Train
104,6.416777674,Train
105,6.695885552,Train
106,6.381637205,Train
107,6.151061938,Train
108,6.604086168,Train
109,7.181114215,Train
110,7.946744172,Train
111,8.034009599,Train
112,8.034351705,Train
113,7.944531429,Train
114,7.573324241,Train
115,7.164514393,Train
116,6.309727531,Train
117,7.418626769,Train
118,7.00182315,Train
119,8.029547488,Train
120,7.330337859,Train
121,7.606007772,Train
122,7.110366293,Train
123,7.131337879,Train
124,6.76488602,Train
125,7.260526894,Train
126,7.544141343,Train
127,7.33093608,Train
128,7.568258573,Train
129,7.486801358,Train
130,8.117012517,Train
131,7.415766826,Train
132,7.780389211,Train
133,7.830950713,Train
134,7.92206928,Train
135,7.76971031,Train
136,8.176501818,Train
137,7.753128355,Train
138,7.44780328,Train
139,6.606752799,Train
140,7.60677813,Train
141,7.157498503,Train
142,7.218478047,Train
143,7.485049457,Train
144,7.152312945,Train
145,7.506441261,Train
146,7.029261517,Train
147,7.06516091,Train
148,6.585496947,Train
149,6.108246159,Train
150,5.913673164,Train
151,6.844251596,Train
152,5.936896508,Train
153,7.146617054,Train
154,5.698388374,Train
155,6.41938589,Train
156,5.351951701,Train
157,6.013657257,Train
158,5.676967765,Train
159,5.362054145,Train
160,5.136908683,Train
161,6.13872931,Train
162,5.468684959,Train
163,5.457250359,Train
164,6.305916197,Train
165,6.15007653,Train
166,6.565829307,Train
167,6.966321242,Train
168,6.31170634,Train
169,5.943952602,Train
170,5.841843614,Train
171,6.681780332,Train
172,5.664625151,Train
173,5.481281548,Train
174,5.671976498,Train
175,5.188018593,Train
176,5.609863758,Train
177,4.907574806,Train
178,5.437139336,Train
179,5.298284266,Train
180,5.412603871,Train
181,5.674703941,Train
182,6.233395622,Train
183,5.964008868,Train
184,6.223849962,Train
185,6.179556586,Train
186,5.921670524,Train
187,6.277405791,Train
188,5.871568903,Train
189,5.816199182,Train
190,6.43853443,Train
191,5.90074056,Train
192,6.213554554,Train
193,5.561818866,Train
194,6.015062568,Train
195,6.245567733,Train
196,5.617964732,Train
197,6.047722333,Train
198,5.328600654,Train
199,5.984050593,Train
200,5.718670217,Train
201,6.168549778,Train
202,6.419179952,Train
203,6.770455873,Train
204,6.460004712,Train
205,5.973167431,Train
206,5.589806569,Train
207,5.966559897,Train
208,6.50841071,Train
209,5.914158993,Train
210,6.137185499,Train
211,6.701932741,Train
212,6.481133865,Train
213,6.502357716,Train
214,7.223705866,Train
215,6.832373048,Train
216,6.946346894,Train
217,6.239278536,Train
218,7.064640345,Train
219,6.695172714,Train
220,5.680079038,Train
221,6.412772263,Train
222,5.811691619,Train
223,6.18833241,Train
224,5.280124523,Train
225,6.278287558,Train
226,6.708512399,Train
227,6.524116876,Train
228,6.378960244,Train
229,6.434691767,Train
230,6.47520127,Train
231,7.384317349,Train
232,7.651861894,Train
233,8.701207113,Train
234,7.591809144,Train
235,8.133817813,Train
236,7.353039585,Train
237,7.544987314,Train
238,7.065749819,Train
239,7.550080449,Train
240,7.568530826,Train
241,6.781578804,Train
242,6.518598196,Train
243,6.365795463,Train
244,6.779827762,Train
245,6.517114237,Train
246,6.705527436,Train
247,7.092380299,Train
248,7.058309661,Train
249,6.544608743,Train
250,7.42956329,Train
251,7.721857658,Train
252,6.502133156,Train
253,7.391609269,Train
254,6.989221405,Train
255,7.45339929,Train
256,7.591757865,Train
257,7.766084958,Train
258,8.361602643,Train
259,8.037333381,Train
260,8.959983524,Train
261,9.15113802,Train
262,8.905577837,Train
263,9.415349311,Train
264,9.724684431,Train
265,10.09011507,Train
266,10.25465961,Train
267,9.549328447,Train
268,10.08531775,Train
269,10.86821621,Train
270,10.43282617,Train
271,11.15156592,Train
272,10.64484963,Train
273,10.96487737,Train
274,11.68964623,Train
275,10.89802648,Train
276,11.15595137,Train
277,11.12450766,Train
278,11.45453995,Train
279,10.88066325,Train
280,11.39306098,Train
281,11.55030041,Train
282,11.35877212,Train
283,11.40012934,Train
284,10.80415319,Train
285,10.95113957,Train
286,10.00965452,Train
287,10.63852616,Train
288,10.11305364,Train
289,10.0095536,Train
290,10.2115207,Train
291,10.17354697,Train
292,9.849481019,Train
293,10.24676663,Train
294,9.835264689,Train
295,10.49314322,Train
296,9.603350087,Train
297,9.24876006,Train
298,9.401037919,Train
299,9.939871378,Train
300,10.13535112,Train
301,9.647129671,Train
302,10.78557055,Train
303,9.760365268,Train
304,10.3869437,Train
305,10.4788635,Train
306,10.57752336,Train
307,10.47291662,Train
308,10.40893697,Train
309,9.654938495,Train
310,9.834805834,Train
311,9.425696511,Train
312,9.55456512,Train
313,10.10855667,Train
314,9.526518729,Train
315,10.03160103,Train
316,9.68084097,Train
317,9.70637883,Train
318,8.587347032,Train
319,9.048395345,Train
320,8.263694395,Train
321,9.0399819,Train
322,9.163766036,Train
323,9.518616967,Train
324,8.592423729,Train
325,8.600153773,Train
326,8.899976886,Train
327,9.491880902,Train
328,9.119437222,Train
329,10.17182049,Train
330,10.15898941,Train
331,10.88522035,Train
332,10.05228172,Train
333,10.22987502,Train
334,9.841212706,Train
335,10.49074993,Train
336,10.19191851,Train
337,10.01436423,Train
338,9.99085923,Train
339,10.02681131,Train
340,9.525744753,Train
341,9.765642634,Train
342,9.555497572,Train
343,9.11228015,Train
344,8.759691125,Train
345,9.249328093,Train
346,8.77552317,Train
347,9.854105527,Train
348,10.25335772,Train
349,9.9843748,Train
350,11.06398076,Train
351,10.71010619,Train
352,11.25761409,Train
353,10.60928267,Train
354,11.32932884,Train
355,11.16053242,Train
356,11.33996004,Train
357,11.54239828,Train
358,11.79270684,Train
359,11.70526835,Train
360,11.89753587,Train
361,11.78967252,Train
362,11.61994787,Train
363,11.96826033,Train
364,12.28792621,Train
365,12.43813368,Train
366,11.99189083,Train
367,11.85068671,Train
368,12.26622586,Train
369,11.15803183,Train
370,12.11997933,Train
371,11.76873233,Train
372,11.12803578,Train
373,10.86603266,Train
374,10.23757712,Train
375,10.14320748,Train
376,10.46689075,Train
377,10.69625935,Train
378,10.45534182,Train
379,10.83652579,Train
380,10.71043553,Train
381,11.51680064,Train
382,11.29962526,Train
383,12.04357266,Train
384,12.37934218,Train
385,12.06734366,Train
386,11.21216257,Train
387,10.75617064,Train
388,10.85446209,Train
389,10.62193078,Train
390,10.39052456,Train
391,11.32402028,Train
392,11.23435857,Train
393,10.63505592,Train
394,11.86507245,Train
395,11.64172029,Train
396,12.27268843,Train
397,12.12051353,Train
398,12.51634578,Train
399,11.95056055,Train
400,12.22118708,Train
401,12.27182008,Train
402,12.28144634,Train
403,12.05270478,Train
404,12.42338133,Train
405,11.85932698,Train
406,11.73912658,Train
407,11.92291,Train
408,12.157616,Train
409,11.79346872,Train
410,11.9430778,Train
411,11.36953639,Train
412,11.64293102,Train
413,10.89965094,Train
414,11.51358095,Train
415,10.95912682,Train
416,10.31231737,Train
417,10.77773788,Train
418,11.03581856,Train
419,11.04543669,Train
420,11.63735871,Train
421,11.84817774,Train
422,11.30317125,Train
423,10.85196452,Train
424,11.58185214,Train
425,10.9251649,Train
426,11.58242318,Train
427,11.714175,Train
428,11.85870991,Train
429,12.4743538,Train
430,13.28181359,Train
431,12.38885091,Train
432,12.69666202,Train
433,12.75891555,Train
434,12.79436534,Train
435,13.03626492,Train
436,12.61389051,Train
437,13.20618288,Train
438,11.33646421,Train
439,12.33494046,Train
440,12.2952658,Train
441,12.27980845,Train
442,12.42600982,Train
443,12.25776278,Train
444,11.87191996,Train
445,12.67618483,Train
446,12.1142837,Train
447,11.96338146,Train
448,12.44743229,Train
449,12.72511952,Train
450,12.5116333,Train
451,12.17234837,Train
452,11.97771742,Train
453,12.23245368,Train
454,12.37410985,Train
455,12.98195912,Train
456,12.49576931,Train
457,13.41855217,Train
458,12.310697,Train
459,11.70179391,Train
460,12.4746098,Train
461,12.30447328,Train
462,11.91232484,Train
463,12.06182155,Train
464,11.82917264,Train
465,11.82716412,Train
466,12.1895535,Train
467,11.78537286,Train
468,11.63884845,Train
469,11.63896413,Train
470,11.88642246,Train
471,11.85488462,Train
472,11.84609015,Train
473,11.74862167,Train
474,11.87811409,Train
475,12.20198435,Train
476,11.45912015,Train
477,12.34953765,Train
478,11.87079189,Train
479,12.42081087,Train
480,12.85218592,Train
481,12.79460121,Train
482,13.62608898,Train
483,13.22768706,Train
484,13.67048893,Train
485,13.02040072,Train
486,14.02855963,Train
487,13.70373558,Train
488,13.14141166,Train
489,14.58439135,Train
490,12.99860149,Train
491,13.94233027,Train
492,13.35883336,Train
493,13.14583676,Train
494,13.14194539,Train
495,13.78288481,Train
496,13.2471014,Train
497,12.91791795,Train
498,13.08170823,Train
499,12.56804083,Train
500,12.74694261,Train
501,12.35284367,Train
502,12.98090483,Train
503,12.90913353,Train
504,12.5920623,Train
505,12.53504785,Train
506,12.85674512,Train
507,12.26760949,Train
508,11.98661548,Train
509,12.52412042,Train
510,12.66745399,Train
511,12.25648214,Train
512,11.91079143,Train
513,11.78397433,Train
514,11.92127457,Train
515,12.158925,Train
516,11.81057468,Train
517,11.88975226,Train
518,11.69825461,Train
519,12.17167502,Train
520,11.82052751,Train
521,11.15347885,Train
522,11.23717709,Train
523,11.15107411,Train
524,11.08064513,Train
525,11.64138463,Train
526,11.64244469,Train
527,11.37726013,Train
528,12.70618117,Train
529,12.65099724,Train
530,12.6903084,Train
531,13.02786915,Train
532,12.80178234,Train
533,13.42265358,Train
534,12.80727665,Train
535,12.80567703,Train
536,11.92365881,Train
537,12.49031206,Train
538,12.71389921,Train
539,12.53482273,Train
540,13.43723176,Train
541,13.63800734,Train
542,12.95851121,Train
543,13.00209354,Train
544,12.19453438,Train
545,12.65658197,Train
546,12.26725363,Train
547,12.46538558,Train
548,11.52944628,Train
549,11.91740943,Train
550,11.38219886,Train
551,11.26626767,Train
552,11.76828749,Train
553,11.87538744,Train
554,12.58730685,Train
555,12.39629138,Train
556,12.80282887,Train
557,12.24385654,Train
558,12.67030902,Train
559,13.31219796,Train
560,13.31603826,Train
561,13.04627103,Train
562,12.75132567,Train
563,12.78686786,Train
564,13.44438984,Train
565,13.73178244,Train
566,13.10876341,Train
567,14.05092571,Train
568,13.78269338,Train
569,14.17450212,Train
570,14.56967641,Train
571,13.67098592,Train
572,13.98910617,Train
573,14.24029335,Train
574,13.93475205,Train
575,14.02469716,Train
576,14.41839801,Train
577,13.5356501,Train
578,13.66849178,Train
579,13.60088212,Train
580,13.93891958,Train
581,14.05218356,Train
582,13.52047837,Train
583,13.08264299,Train
584,13.50488575,Train
585,13.68482591,Test
586,13.15290319,Test
587,13.31029028,Test
588,12.66560082,Test
589,13.66065769,Test
590,13.22188221,Test
591,13.66726695,Test
592,13.90272062,Test
593,13.08160973,Test
594,14.04196943,Test
595,14.31322806,Test
596,15.11370708,Test
597,14.55937527,Test
598,14.47191087,Test
599,14.00773834,Test
600,14.38743999,Test
601,14.48840167,Test
602,14.65165077,Test
603,14.51457225,Test
604,14.92224878,Test
605,14.19465212,Test
606,14.1137927,Test
607,13.64436482,Test
608,14.57006597,Test
609,13.70952729,Test
610,14.0105535,Test
611,14.42484355,Test
612,13.71071969,Test
613,13.30590294,Test
614,13.70184262,Test
615,13.4939323,Test
616,13.60321536,Test
617,12.709116,Test
618,12.56578173,Test
619,12.29204511,Test
620,12.49372294,Test
621,12.22476014,Test
622,12.37883736,Test
623,11.86318822,Test
624,11.95917661,Test
625,11.6136404,Test
626,10.92231613,Test
627,10.69381706,Test
628,9.796640702,Test
629,10.02455082,Test
630,10.25129418,Test
631,10.16837721,Test
632,10.12922394,Test
633,10.03817646,Test
634,9.946258256,Test
635,9.819163247,Test
636,10.96613807,Test
637,10.27845019,Test
638,10.87216455,Test
639,10.58298221,Test
640,10.5051701,Test
641,10.58489695,Test
642,10.31046583,Test
643,10.18655992,Test
644,10.63566981,Test
645,10.58623485,Test
646,10.49470146,Test
647,10.53012782,Test
648,11.6697284,Test
649,10.93910566,Test
650,11.25043349,Test
651,11.10082439,Test
652,11.56193798,Test
653,12.00135944,Test
654,11.9636437,Test
655,12.67651716,Test
656,12.59589118,Test
657,13.50372538,Test
658,12.52480966,Test
659,13.58617103,Test
660,13.65152094,Test
661,13.50747349,Test
662,13.6003226,Test
663,12.91172575,Test
664,13.12942153,Test
665,12.88747154,Test
666,12.57004373,Test
667,12.38921609,Test
668,12.52303613,Test
669,12.78698765,Test
670,12.90053284,Test
671,13.72420584,Test
672,13.53927692,Test
673,12.96144201,Test
674,12.60190222,Test
675,13.19403382,Test
676,13.02494603,Test
677,11.95978435,Test
678,13.04856333,Test
679,12.09273847,Test
680,12.74880565,Test
681,12.15194817,Test
682,13.68801758,Test
683,12.68174728,Test
684,13.25007071,Test
685,12.52233421,Test
686,12.87797176,Test
687,12.74760906,Test
688,13.95946905,Test
689,12.95734948,Test
690,14.3575701,Test
691,14.31367533,Test
692,14.4417502,Test
693,14.89664447,Test
694,15.49596954,Test
695,15.12120536,Test
696,15.81472479,Test
697,14.95180243,Test
698,15.69224206,Test
699,15.32256273,Test
700,15.48148898,Test
701,15.0779299,Test
702,15.26982882,Test
703,15.56393486,Test
704,15.70968355,Test
705,16.27057613,Test
706,15.86464801,Test
707,16.79198088,Test
708,16.44669768,Test
709,15.57683314,Test
710,16.51737488,Test
711,16.79290034,Test
712,16.69296483,Test
713,17.15234138,Test
714,17.90318899,Test
715,17.47106673,Test
716,17.14585013,Test
717,17.94883403,Test
718,18.15476909,Test
719,17.76881703,Test
720,17.25084632,Test
721,17.95227784,Test
722,17.25593422,Test
723,17.58362651,Test
724,16.82175807,Test
725,17.45905614,Test
726,16.76127825,Test
727,16.93155866,Test
728,17.49066618,Test
729,16.80363798,Test
730,16.1948135,Test
731,16.6207985,Test
